,const,Hue,Sat,Lum,sdHue,sdSat,sdBright,Entropy,StraightED ,NonStraightED
0,1.0,1.449011046,0.159335476,0.616732971,1.931827673,0.08773385,0.268460138,7.633971496,0.042888,0.057226
1,1.0,0.997311166,0.320123328,0.540615107,1.099389133,0.222381571,0.205562802,7.560053957,0.082817,0.043203
2,1.0,-2.417348924,0.137197077,0.449900786,1.476389889,0.129007017,0.169042756,7.346350011,0.1325,0.017248
3,1.0,0.269994364,0.24930593,0.587992622,1.492315838,0.23856338,0.257317894,7.499752397,0.10096,0.035377
4,1.0,0.712664992,0.171798224,0.646293224,2.331844645,0.157754139,0.218314967,7.363646837,0.065085,0.038066
5,1.0,0.773912329,0.316281811,0.501803871,0.920235534,0.234822655,0.205128354,7.58342212,0.083017,0.072699
6,1.0,0.297302129,0.270029074,0.597068449,1.734460609,0.208074803,0.171498299,7.060397734,0.056867,0.064268
7,1.0,-0.150243524,0.17022116,0.493033854,2.082281254,0.142181104,0.195710579,7.399180072,0.056092,0.056626
8,1.0,-2.581409751,0.195061017,0.576139387,1.406447965,0.196766645,0.245291282,7.746944631,0.087244,0.019431
9,1.0,-2.8282693,0.137212913,0.50623463,0.88510404,0.104716576,0.218059028,7.066818503,0.082294,0.015831
10,1.0,2.143476119,0.160384289,0.565639668,1.817446783,0.18168241,0.192087309,7.358081479,0.055773,0.048164
11,1.0,-2.519683879,0.166019697,0.536729856,1.079904811,0.131076605,0.277510312,7.282620618,0.094469,0.012119
12,1.0,-2.48374496,0.121537968,0.575715214,1.343496539,0.113289636,0.202311663,7.323857119,0.07995,0.050986
13,1.0,1.904296909,0.142559348,0.472021701,1.775395102,0.151638268,0.173489987,7.441070512,0.079944,0.057647
14,1.0,-2.165428833,0.100541193,0.558617277,1.915424078,0.109726826,0.170966804,7.010621192,0.075858,0.039887
15,1.0,0.661248371,0.098771373,0.559142821,2.306480568,0.122669386,0.175247683,7.133878607,0.065454,0.029243
16,1.0,0.665964941,0.177102658,0.581334278,1.574729042,0.158561911,0.187159695,7.261793558,0.075092,0.032786
17,1.0,0.23288209,0.227660453,0.569442045,2.079280419,0.180181108,0.211981149,7.635437548,0.06295,0.062317
18,1.0,-0.125209087,0.176801546,0.730216056,2.438752331,0.191340728,0.224013975,7.405999189,0.060294,0.041257
19,1.0,1.339857125,0.272679314,0.571169718,1.730564242,0.221233119,0.251595516,7.756409994,0.050885,0.083616
20,1.0,1.648467295,0.188671607,0.593287148,1.980381844,0.096017832,0.168076554,7.176992648,0.073177,0.037753
21,1.0,2.11475329,0.190734517,0.547207784,1.776720083,0.141774138,0.239135804,7.685395258,0.064896,0.041063
22,1.0,1.507849152,0.212324716,0.550877502,1.619510389,0.124260171,0.183174535,7.316309632,0.067696,0.048807
23,1.0,1.680457995,0.196002307,0.540161943,1.454597424,0.134258081,0.277071408,7.460506931,0.056731,0.052019
24,1.0,-0.551007815,0.192271876,0.648218227,2.35959218,0.160205334,0.257768449,7.546449147,0.084094,0.031996
25,1.0,0.564371545,0.333705449,0.586816828,0.881137233,0.192722608,0.198667647,7.564816836,0.12115,0.028016
26,1.0,-1.218506992,0.208170297,0.596073312,2.17766739,0.168226269,0.270092676,7.610305797,0.072858,0.036409
27,1.0,0.844961581,0.285366591,0.580302466,1.257150464,0.233382078,0.219835386,7.7374453,0.091298,0.043323
28,1.0,0.719310338,0.249505994,0.490630604,0.992392624,0.172024264,0.225606134,7.725614485,0.068165,0.085005
29,1.0,-2.979270292,0.196121585,0.440930683,1.697155165,0.133873223,0.175692552,6.942217754,0.051248,0.07499
30,1.0,0.463738321,0.23917669,0.519085299,1.197303942,0.172860753,0.222068404,7.727764743,0.086019,0.075423
31,1.0,-2.605630914,0.202546324,0.532812309,1.457203633,0.165186498,0.221076255,7.447364377,0.071252,0.056546
32,1.0,1.470498581,0.150720466,0.617402791,1.62307846,0.136658422,0.230611696,7.506447033,0.1167,0.0031813
33,1.0,0.355623543,0.147899057,0.55240459,1.263537109,0.142479548,0.251138885,7.410489443,0.10877,0.011895
34,1.0,1.335518332,0.130982426,0.593357601,1.585718372,0.154040832,0.252330993,7.593369527,0.126,0.012418
35,1.0,0.842331088,0.168571892,0.420943372,0.928764755,0.159450697,0.175197258,7.366437152,0.12588,0.0051073
36,1.0,0.687843293,0.225482048,0.520127477,1.210765016,0.160034831,0.195008617,7.304409995,0.086698,0.036616
37,1.0,1.039033926,0.296507446,0.406634268,0.72518398,0.18505382,0.175167125,7.353977463,0.065215,0.073204
38,1.0,-3.040854075,0.220229733,0.531132238,1.402933805,0.125304603,0.214709023,7.495191885,0.066769,0.043435
39,1.0,1.672938623,0.257762391,0.570639055,1.675980692,0.172741661,0.222549501,7.537772138,0.06689,0.07033
40,1.0,0.8775373,0.258798726,0.586226601,0.537075436,0.1675601,0.235377568,7.668623109,0.089546,0.064356
41,1.0,1.270874331,0.42167531,0.483626953,0.739678305,0.286102802,0.221813749,7.518666969,0.068483,0.088311
42,1.0,2.450985115,0.171244767,0.491849839,1.598365895,0.110814627,0.182045822,7.152546777,0.083492,0.039824
43,1.0,1.878481107,0.258507111,0.510298343,1.411446978,0.216930599,0.233444629,7.360157232,0.070646,0.052743
44,1.0,0.410918172,0.282018065,0.45628785,1.002814698,0.19335949,0.214833047,7.406238939,0.070729,0.081776
45,1.0,0.652814586,0.243400776,0.426774344,0.836056144,0.198248772,0.16473815,7.260590036,0.067085,0.05973
46,1.0,2.586135656,0.222005307,0.583842256,1.475183748,0.150038149,0.233257944,7.672521626,0.066694,0.047587
47,1.0,2.46073337,0.169565017,0.40783955,1.6280257,0.117234726,0.162801079,6.903588379,0.081633,0.021969
48,1.0,0.791068319,0.208668468,0.399514106,1.057886163,0.125156754,0.17283517,7.191430988,0.064092,0.062303
49,1.0,0.4892086,0.21365329,0.473536318,0.825977368,0.143302113,0.188678544,7.526353362,0.087887,0.050466
50,1.0,0.477683992,0.127609009,0.474814198,0.618099203,0.090761144,0.129107352,6.89608028,0.10806,0.0048563
51,1.0,0.439028464,0.150167755,0.424775046,0.620855022,0.116806899,0.155620937,7.244261378,0.098473,0.020348
52,1.0,0.668894804,0.211345171,0.476901042,1.947431153,0.168122514,0.203883702,7.275352935,0.062792,0.063252
53,1.0,0.549813992,0.249128313,0.608101039,0.750513212,0.225696776,0.248186988,7.675247146,0.12517,0.023404
54,1.0,-2.960385907,0.235283133,0.460616409,0.886246287,0.134852721,0.228549779,7.35043365,0.062652,0.092053
55,1.0,-2.794075565,0.334163686,0.566055951,0.748096095,0.160569207,0.242526712,7.4838197,0.086135,0.031983
56,1.0,1.808357559,0.275369967,0.40547909,1.239792296,0.188149753,0.165941031,7.126416376,0.069756,0.068167
57,1.0,1.646083059,0.238332211,0.4830499,1.279495718,0.17027486,0.215402588,7.506354483,0.055421,0.098434
58,1.0,2.224638869,0.299658697,0.382032335,1.379086756,0.18371485,0.185292694,7.263847824,0.075352,0.066365
59,1.0,1.23370531,0.249717703,0.592673828,1.515329299,0.146821758,0.232091012,7.447539974,0.058331,0.073726
60,1.0,0.642032491,0.281263265,0.489904782,0.853491871,0.228711792,0.235157067,7.61879514,0.061715,0.064405
61,1.0,0.57964113,0.308093306,0.478449206,1.021489009,0.254751282,0.234956838,7.505570992,0.058879,0.071251
62,1.0,1.253474066,0.333743783,0.461769774,0.731521255,0.212544986,0.212944635,7.567447212,0.12097,0.052048
63,1.0,1.202477453,0.296849708,0.519480762,0.803190978,0.187939888,0.248683166,7.740901836,0.10454,0.080823
64,1.0,0.884369296,0.144160248,0.639193985,2.367615116,0.116751662,0.197808412,7.537058532,0.081319,0.02755
65,1.0,-2.072415568,0.128434887,0.499521089,1.481131395,0.12364806,0.202293901,7.264528831,0.086475,0.018649
66,1.0,1.103557982,0.24602664,0.623201529,2.724843292,0.204286992,0.178926863,7.226906156,0.068923,0.032059
67,1.0,1.592779569,0.201051402,0.623119447,2.061388703,0.162066704,0.237069498,7.552543528,0.073919,0.03973
68,1.0,1.108402048,0.174122612,0.343077857,1.132496552,0.147250399,0.177826084,7.076851999,0.076988,0.044619
69,1.0,0.860224877,0.245046804,0.419430785,0.756501218,0.185657175,0.206747921,7.546453056,0.088377,0.045177
70,1.0,1.324021511,0.117108245,0.499617188,1.052635038,0.103601499,0.226148623,7.384683719,0.069406,0.048488
71,1.0,0.924925817,0.242531941,0.410986813,0.777996807,0.14833725,0.148582241,7.138165355,0.080019,0.064252
72,1.0,0.626056292,0.352410704,0.457886629,0.280435526,0.194766445,0.139851931,6.915183975,0.094183,0.052996
73,1.0,0.697408295,0.203272928,0.590801024,0.697313398,0.19067819,0.23626213,7.502596465,0.10131,0.019041
74,1.0,1.17179234,0.187110098,0.58326491,1.717808735,0.167237846,0.239536994,7.458507173,0.089356,0.028889
75,1.0,1.299332014,0.184487128,0.556649829,1.219320393,0.123798169,0.213688833,7.525649211,0.088815,0.02163
76,1.0,1.203533526,0.287197905,0.606711882,2.705385966,0.215723006,0.233476421,7.657050452,0.066283,0.039363
77,1.0,1.509459362,0.280437843,0.461508157,1.453330057,0.181582251,0.227926411,7.431355576,0.066221,0.078213
78,1.0,2.119655667,0.13633053,0.523945223,1.573259471,0.195298685,0.173653068,7.250153321,0.041223,0.058705
79,1.0,0.972992393,0.157187667,0.461373596,1.180095178,0.164353996,0.176708452,7.162122374,0.10532,0.0
80,1.0,0.675927207,0.114752499,0.606574168,0.945450345,0.122550344,0.231053629,7.140453808,0.06066,0.052326
81,1.0,1.051242615,0.164938905,0.56101311,1.106700285,0.132380791,0.190391514,7.484869486,0.072012,0.039874
82,1.0,0.791451702,0.209357499,0.522816993,0.572502363,0.128949315,0.14611115,7.118458525,0.098304,0.022247
83,1.0,1.196767927,0.137811346,0.507944202,1.159209966,0.129254685,0.188612533,7.397784463,0.058369,0.030983
84,1.0,1.178076096,0.21057356,0.500108673,1.340645774,0.178499537,0.201905571,7.580844134,0.072137,0.043816
85,1.0,1.035852779,0.261532105,0.382197661,0.878185003,0.20071745,0.152334125,7.157647274,0.073908,0.062639
86,1.0,0.75513546,0.195490141,0.527198159,1.14356135,0.141145111,0.1821568,7.392439298,0.10113,0.009301
87,1.0,1.464551902,0.196818896,0.370542599,1.350672106,0.157509529,0.150805568,7.185448876,0.083577,0.050883
88,1.0,0.486467433,0.236567542,0.424982192,0.7367511,0.154250529,0.163223033,7.342112788,0.090933,0.045865
89,1.0,0.476513672,0.271788854,0.475623455,1.009834402,0.247965314,0.209886364,7.325104621,0.066306,0.058469
90,1.0,1.099781963,0.221538448,0.50282847,1.563845536,0.137044847,0.201363703,7.413434853,0.065371,0.044805
91,1.0,0.609178268,0.234693182,0.424350528,1.11558385,0.188231459,0.1859112,7.380666436,0.087171,0.040751
92,1.0,0.867822141,0.353633911,0.442689083,0.549672514,0.219783004,0.159948444,7.164985799,0.068704,0.096725
93,1.0,0.457900774,0.144690669,0.546867213,1.705848725,0.1448301,0.223940376,7.577179362,0.091621,0.035527
94,1.0,1.069098981,0.336430146,0.419327972,0.848903233,0.1924196,0.21334441,7.313008528,0.076252,0.06942
95,1.0,1.224008812,0.244793024,0.547740362,1.455179728,0.160710326,0.258125892,7.35570252,0.058575,0.065571
96,1.0,1.137863338,0.212975585,0.573897186,1.616833066,0.12644267,0.219285748,7.400105567,0.049881,0.061142
97,1.0,0.826337587,0.199426276,0.40986332,1.237714284,0.146075683,0.147275726,7.144028331,0.064537,0.058072
98,1.0,0.851987745,0.379972837,0.416216414,0.682263466,0.2660653,0.145356572,6.931983169,0.058152,0.083185
99,1.0,0.934974559,0.229438307,0.459571015,0.735098837,0.181730098,0.188980962,7.133811781,0.052856,0.075826
100,1.0,-1.588324656,0.248663634,0.563008004,1.865069333,0.190556802,0.223380374,7.444668891,0.079025,0.030925
101,1.0,0.766881426,0.303490951,0.531864775,1.309830745,0.231265472,0.229054683,7.536827716,0.066019,0.065907
102,1.0,-0.900978939,0.209987264,0.56851034,1.823783833,0.182691214,0.2333079,7.575391138,0.093225,0.039035
103,1.0,0.854435361,0.259234712,0.620283573,1.600190983,0.219016839,0.225399601,7.510711172,0.071813,0.05266
104,1.0,2.217699405,0.273690304,0.598407744,2.235452084,0.21533866,0.254892047,7.568439769,0.064431,0.062157
105,1.0,0.838930593,0.283435718,0.609208231,1.085065045,0.212643104,0.247703615,7.823864987,0.083835,0.051758
106,1.0,-2.21198998,0.251729279,0.56860986,2.416319407,0.22883534,0.224522282,7.508186675,0.08871,0.039114
107,1.0,-0.683908484,0.246245003,0.672336563,2.033298736,0.244098628,0.193669217,7.565426912,0.092258,0.034656
108,1.0,0.91558919,0.1351084,0.496613524,1.380835045,0.127648931,0.210673183,7.428084233,0.072315,0.057974
109,1.0,0.751222576,0.255344193,0.420363358,1.192842796,0.202480814,0.165610306,7.313666194,0.12185,0.034747
110,1.0,-1.67426402,0.186407856,0.662536612,2.16469999,0.16532272,0.22510694,7.535483474,0.059492,0.043198
111,1.0,0.103129591,0.198852056,0.470084852,1.302975529,0.189032353,0.234482277,7.355362657,0.075583,0.042392
112,1.0,1.795206691,0.1997342,0.420425781,1.757717651,0.132023111,0.192750928,7.211894698,0.073994,0.04439
113,1.0,1.438307033,0.289056331,0.298841312,1.132667376,0.191125967,0.145288158,6.739137993,0.057885,0.070473
114,1.0,1.076328212,0.328397662,0.484652561,0.791098071,0.241134099,0.228176983,7.452418258,0.057144,0.069716
115,1.0,1.581376119,0.271803713,0.449138953,1.184938319,0.191581702,0.200318795,7.098694878,0.061954,0.067622
116,1.0,1.481651289,0.308940584,0.416723269,0.756997489,0.214560049,0.175013137,7.229329303,0.061692,0.087087
117,1.0,1.442021929,0.301944098,0.395259332,0.930993595,0.199429368,0.14704812,7.052799713,0.058348,0.093208
118,1.0,1.315398477,0.268252068,0.35629999,0.80473198,0.171358531,0.176445667,7.094020807,0.047852,0.080482
119,1.0,1.41311536,0.291277852,0.468867022,1.097908438,0.152631768,0.199481778,7.431612318,0.07405,0.061562
120,1.0,1.635229629,0.296488143,0.349791833,1.154528815,0.202151559,0.190733679,7.04677057,0.0478,0.081715
121,1.0,2.712835336,0.221216256,0.463568232,1.722231022,0.129814676,0.21420202,7.349842129,0.082515,0.033899
122,1.0,0.336986224,0.26109768,0.656186466,1.648515913,0.226879996,0.240326623,7.533040002,0.076723,0.037409
123,1.0,2.979150589,0.277377878,0.455146114,1.305836528,0.168221254,0.231242571,7.410253645,0.07101,0.062495
124,1.0,0.366766367,0.131641166,0.538961984,1.24952982,0.121309402,0.246489477,7.39460171,0.05265,0.056745
125,1.0,1.008585479,0.086831672,0.428928756,0.87159393,0.069626043,0.126337248,6.921793791,0.10219,0.012043
126,1.0,-2.867860851,0.173994245,0.492410003,0.999448069,0.10142662,0.175687448,7.220692687,0.093946,0.0051198
127,1.0,1.194172012,0.152605786,0.511742443,1.687724578,0.125172646,0.207239459,7.559893938,0.10268,0.021059
128,1.0,0.462250977,0.113650164,0.578527791,1.440618204,0.10634817,0.240122457,7.624084177,0.09611,0.016
129,1.0,0.909094401,0.155716963,0.589838503,2.573408197,0.180695126,0.238394118,7.518139754,0.084446,0.023681
130,1.0,0.736142688,0.144712988,0.563304164,1.561123084,0.149742629,0.201813155,7.27275308,0.096004,0.0092042
131,1.0,0.812427389,0.192523705,0.552691942,1.275885916,0.189181803,0.207917973,7.460330099,0.092302,0.023298
132,1.0,-2.380907245,0.209877646,0.537476869,1.662411965,0.164312139,0.235722634,7.45619084,0.12994,0.0
133,1.0,1.052274063,0.240381049,0.69983558,2.676589613,0.234150848,0.240525082,7.325220878,0.097892,0.0076562
134,1.0,1.540827938,0.230266136,0.421015753,1.109282963,0.205689586,0.249841506,7.691940977,0.076798,0.078706
135,1.0,2.557328447,0.307323549,0.456034812,1.634228751,0.209092628,0.242956741,7.605391338,0.075787,0.060806
136,1.0,0.582549457,0.232706667,0.608172169,2.325549414,0.182039729,0.215093988,7.313275694,0.088973,0.01495
137,1.0,0.910526039,0.24815659,0.635951606,1.468024174,0.214954284,0.267421781,7.546262878,0.12206,0.01771
138,1.0,2.022835699,0.278608622,0.445634829,1.27113733,0.24294808,0.274267439,7.827869881,0.082925,0.048844
139,1.0,1.381677222,0.171451962,0.65047309,1.694396379,0.15254396,0.238047851,7.708621243,0.064185,0.041167
140,1.0,1.270233764,0.141871867,0.494859452,1.174431819,0.164077402,0.215790613,7.50419214,0.055073,0.056302
141,1.0,1.486951065,0.112481575,0.518631421,1.336014777,0.142131576,0.194945105,7.582943423,0.051077,0.056063
142,1.0,1.069356473,0.309809696,0.589215239,1.347336674,0.198018546,0.186477914,7.349004826,0.072323,0.045417
143,1.0,-2.120524906,0.170170783,0.587360294,1.709484506,0.121498958,0.277177856,7.564605827,0.079915,0.022802
144,1.0,1.8384976,0.218155332,0.386527778,1.458546744,0.202570144,0.184697702,7.396751844,0.0536,0.071712
145,1.0,1.653224016,0.172167306,0.626001877,2.193687858,0.13994184,0.249833996,7.64946872,0.063808,0.037671
146,1.0,0.655834698,0.250132142,0.50032007,0.755541672,0.211809646,0.172383239,7.145153769,0.062604,0.070768
147,1.0,1.034748006,0.134738517,0.515689977,1.288634931,0.143580901,0.207355297,7.640143665,0.10283,0.033846
148,1.0,1.310912011,0.328274888,0.402809538,0.958058892,0.205933115,0.167735522,7.19469074,0.039825,0.10376
149,1.0,1.084053071,0.244975396,0.400067759,0.695845222,0.19367904,0.13573494,7.022888377,0.075865,0.073006
150,1.0,1.776241655,0.149413512,0.609848103,1.870637504,0.172399585,0.217404497,7.367288084,0.037504,0.074461
151,1.0,1.039808153,0.268883997,0.405015561,0.552468534,0.168409047,0.129420552,6.998447645,0.05041,0.10062
152,1.0,0.814120546,0.255408379,0.514394697,1.165945772,0.206510889,0.211837078,7.39513087,0.067094,0.059426
153,1.0,1.136918048,0.305753334,0.42468436,0.993615562,0.204703207,0.15452961,7.217189191,0.0662,0.073066
154,1.0,2.265609533,0.1426636,0.384136221,1.379206729,0.116381597,0.129742063,7.024138721,0.08655,0.049277
155,1.0,1.434266953,0.181182285,0.413146497,1.143158963,0.141847631,0.138631156,7.018335904,0.076525,0.051809
156,1.0,-1.768172994,0.12067659,0.493337865,1.428040608,0.135534988,0.217967658,7.375331859,0.081185,0.033294
157,1.0,1.529456034,0.181567995,0.462357996,2.017262611,0.123119751,0.130070246,6.930549085,0.06205,0.064445
158,1.0,-2.545000909,0.108662852,0.422778952,1.243997823,0.111037218,0.157043615,7.269029207,0.090835,0.02606
159,1.0,1.372059557,0.247888656,0.455685662,1.853928812,0.172068781,0.122507629,6.957086362,0.08136,0.041248
160,1.0,0.459153213,0.262131939,0.477284186,0.767771217,0.189462769,0.19318232,7.354494952,0.082283,0.023853
161,1.0,-2.94105083,0.177879106,0.416976997,1.696624739,0.144089634,0.175705586,7.269042123,0.10939,0.01861
162,1.0,0.886643355,0.24147756,0.504303488,2.013791307,0.188874172,0.230707516,7.529927862,0.12041,0.0
163,1.0,0.389396953,0.236510038,0.431619613,0.848008508,0.156252047,0.153995178,7.042371643,0.092869,0.019179
164,1.0,0.972332325,0.325839959,0.317315372,0.743549457,0.243373358,0.125908652,6.75704469,0.06996,0.083242
165,1.0,0.248203222,0.249976846,0.500142323,0.870912393,0.134816341,0.16468184,7.057154494,0.057715,0.067004
166,1.0,2.168303822,0.259297994,0.412107524,1.218872083,0.160477784,0.198284175,7.296779212,0.068198,0.078517
167,1.0,1.080002867,0.272947265,0.59063137,0.748318033,0.206946545,0.272127086,7.568289989,0.08696,0.083059
168,1.0,1.170978018,0.204749865,0.439975886,0.945171002,0.179083998,0.182336522,7.383502491,0.056658,0.074419
169,1.0,0.632026085,0.168571517,0.434243094,1.152681042,0.099711333,0.178313653,7.288966802,0.092227,0.022379
170,1.0,-1.156108241,0.176699506,0.552817772,1.910987213,0.106879671,0.253913204,7.360079566,0.058221,0.050728
171,1.0,0.497845722,0.333610377,0.583256625,1.799798315,0.180666077,0.205081433,7.439917137,0.079094,0.056009
172,1.0,-1.974359881,0.158639625,0.60313691,1.718717138,0.124997328,0.245870645,7.242902454,0.062856,0.025874
173,1.0,0.801011894,0.321784188,0.562443168,1.137242531,0.182617794,0.205883809,7.467495459,0.11319,0.021809
174,1.0,-2.215905788,0.153618361,0.598219056,2.02075113,0.122512392,0.250581725,7.26678551,0.059352,0.02424
175,1.0,0.568913657,0.256447239,0.49690168,1.341811704,0.190205853,0.238855202,7.592793525,0.10373,0.016609
176,1.0,0.32019816,0.18772883,0.494089754,0.886158229,0.144829195,0.185192679,7.118107583,0.080523,0.042305
177,1.0,0.625562064,0.247622812,0.544268344,0.661345886,0.12601351,0.168467491,7.281589256,0.087392,0.020111
178,1.0,0.408392539,0.218267619,0.423968954,0.811367239,0.161533217,0.129374157,6.886962317,0.080217,0.039767
179,1.0,0.529694917,0.244465189,0.427597273,0.805363355,0.176109149,0.179170165,7.284030216,0.10563,0.031033
180,1.0,0.911617581,0.203247109,0.530957121,1.163680033,0.183282446,0.215053408,7.306380338,0.058435,0.064728
181,1.0,0.579952332,0.160519327,0.513485881,0.707151427,0.124330342,0.167304243,7.064643118,0.080981,0.022152
182,1.0,0.900077952,0.176872267,0.567830372,1.175375785,0.171208092,0.22346425,7.397415773,0.057604,0.059983
183,1.0,0.720880321,0.127073313,0.547880898,1.058033279,0.091244956,0.189729817,7.370465304,0.090927,0.0053083
184,1.0,2.716222194,0.353086388,0.777689683,2.110795616,0.251144664,0.176194595,7.321608332,0.071656,0.037703
185,1.0,2.225723775,0.29756234,0.304203214,1.064549019,0.16431188,0.132430977,6.775861092,0.042983,0.099625
186,1.0,2.843580974,0.367550463,0.783971597,1.502903614,0.229135416,0.232069795,7.528930909,0.061125,0.043431
187,1.0,1.71666615,0.377860259,0.42462089,0.913083287,0.220924154,0.214495513,7.279920571,0.044267,0.11043
188,1.0,1.172905625,0.227540817,0.438501991,0.817310024,0.157467724,0.208692663,7.376375192,0.053619,0.068255
189,1.0,1.686377333,0.221314815,0.41170938,1.001490519,0.153351242,0.191018018,7.276436108,0.071229,0.063542
190,1.0,1.149801202,0.203518683,0.422210886,0.739721024,0.145900584,0.179766652,7.369362458,0.05319,0.0676
191,1.0,1.104766541,0.161859192,0.404808402,0.648271709,0.116884277,0.127499335,7.014163184,0.067667,0.054353
192,1.0,-1.724832909,0.119108927,0.432550283,1.220046731,0.080210241,0.141559694,7.12242734,0.10286,0.017651
193,1.0,0.214699334,0.237707583,0.598642616,1.003071757,0.154685947,0.233529272,7.623784162,0.13751,0.014869
194,1.0,0.987768172,0.166284341,0.482284301,1.110299785,0.108820464,0.187658765,7.457738219,0.11265,0.0082052
195,1.0,1.427475522,0.222136425,0.359579108,1.087822861,0.152411431,0.133615633,6.941416845,0.066565,0.055829
196,1.0,0.73320132,0.186659867,0.59722618,1.266718744,0.178143666,0.203363533,7.376444142,0.06745,0.037582
197,1.0,1.658165616,0.104523864,0.486719631,2.130861959,0.112350336,0.214065808,7.396558436,0.079175,0.033008
198,1.0,1.811439378,0.079002649,0.586821308,1.975665074,0.076226864,0.184653539,7.264073878,0.047231,0.045441
199,1.0,0.632099734,0.199136807,0.516615771,0.853527277,0.168221397,0.18452536,7.315425581,0.065081,0.052322
200,1.0,1.191272729,0.42818127,0.50324349,0.778789639,0.283138539,0.245847988,7.602423482,0.11219,0.097453
201,1.0,0.603115764,0.138110402,0.503113511,1.275392592,0.083304796,0.209659946,7.405972403,0.075029,0.040554
202,1.0,2.372637682,0.151662464,0.44964314,1.294842261,0.122969946,0.181074068,7.340294378,0.049577,0.06978
203,1.0,1.676305482,0.117749392,0.474533229,1.484460074,0.126942436,0.169067674,7.231195969,0.076746,0.040982
204,1.0,0.78760897,0.184501935,0.452685853,1.508559852,0.188030941,0.230038565,7.677496769,0.11458,0.011312
205,1.0,1.559709629,0.175819827,0.431643587,1.591802214,0.195476663,0.183554331,7.438649578,0.096715,0.031132
206,1.0,0.642636524,0.19838581,0.418064364,0.992501107,0.193728354,0.224357352,7.533298812,0.094244,0.030466
207,1.0,1.43460842,0.164060746,0.426190411,1.33835373,0.172805018,0.20409515,7.505775,0.10506,0.020723
208,1.0,1.353767147,0.155882853,0.501828304,1.56578996,0.196343544,0.24496258,7.725267147,0.10049,0.032752
209,1.0,1.163340984,0.291045939,0.399911969,0.933629413,0.236713325,0.219295095,7.66467053,0.0837,0.065157
210,1.0,0.893336665,0.099603464,0.43013788,0.880131575,0.090215063,0.143026021,7.145802703,0.076502,0.046747
211,1.0,1.216434358,0.117804276,0.434051203,1.799803266,0.117469335,0.160916132,7.186961006,0.074269,0.057666
212,1.0,1.438891457,0.100909655,0.471646625,1.452808811,0.101076087,0.143545233,7.138050485,0.085606,0.025863
213,1.0,1.942586392,0.156295669,0.426291577,1.847398399,0.110719849,0.175328503,7.290007236,0.092269,0.027868
214,1.0,0.632475036,0.244094957,0.477592231,1.095544344,0.19664944,0.176505148,7.423472478,0.075581,0.053974
215,1.0,1.068589174,0.184208004,0.439352379,1.244842714,0.156368975,0.199418081,7.521253934,0.07824,0.047501
216,1.0,1.495766906,0.179497091,0.519421288,1.631679845,0.159343209,0.227061296,7.67625992,0.10203,0.038718
217,1.0,1.785002298,0.137112032,0.435420152,1.723257708,0.114176854,0.185572835,7.488895667,0.074323,0.060079
218,1.0,1.214311843,0.246559592,0.337908867,0.678178575,0.200291905,0.13159724,6.890601894,0.076215,0.067973
219,1.0,1.261060309,0.124343561,0.460081508,1.181001559,0.127130283,0.179772621,7.427831953,0.10641,0.010935
220,1.0,1.513122111,0.220714718,0.387454963,0.920614008,0.20164654,0.149879222,7.199520395,0.090544,0.04305
221,1.0,1.419006589,0.281363107,0.369145808,0.532686146,0.186533079,0.121326654,6.903009382,0.05949,0.088431
222,1.0,1.818534582,0.094712313,0.399666526,1.576937593,0.082465881,0.177878772,7.268953915,0.07345,0.048046
223,1.0,1.887151583,0.12433651,0.433734043,1.417401311,0.121263547,0.144723975,7.144511104,0.10693,0.0
224,1.0,-0.946883076,0.285895823,0.535612171,1.815987419,0.207711273,0.270086401,7.624593982,0.085938,0.029962
225,1.0,0.110621808,0.159321112,0.476368617,0.967226489,0.158220378,0.265797969,7.705613387,0.11197,0.020699
226,1.0,0.901775532,0.140555658,0.433543096,0.99426475,0.114650784,0.141969131,7.157628252,0.08255,0.022722
227,1.0,0.980176514,0.091444733,0.437563419,1.286904963,0.0669245,0.164299289,7.261037342,0.076202,0.026514
228,1.0,0.508882306,0.177296588,0.525504149,0.695814742,0.105709279,0.238479384,7.663114465,0.1156,0.0060313
229,1.0,1.098034031,0.175954368,0.327543211,0.810112134,0.138692644,0.118799303,6.843203224,0.084148,0.040715
230,1.0,1.196649715,0.178699977,0.463990375,1.621997196,0.146799917,0.180553103,7.269522028,0.06716,0.046718
231,1.0,0.922495616,0.151855008,0.446892348,1.206230569,0.110025817,0.174214521,7.344883739,0.093219,0.033441
232,1.0,2.283105567,0.175701727,0.481490426,1.874409798,0.128683324,0.200721486,7.49543131,0.09266,0.03377
233,1.0,2.78075797,0.157132102,0.469525557,1.501362263,0.120908815,0.173044196,7.285932716,0.090365,0.028157
234,1.0,0.958825266,0.256841431,0.38229399,0.751385355,0.189119398,0.170108554,7.249271067,0.071081,0.068419
235,1.0,0.578705375,0.155638177,0.44956767,1.199782338,0.111821428,0.1889177,7.441846466,0.090448,0.029571
236,1.0,1.048023315,0.220128902,0.437592103,1.174346276,0.170664621,0.199275789,7.369151965,0.068573,0.069722
237,1.0,0.733681129,0.170143683,0.467024842,0.997818432,0.132158814,0.172336812,7.370219049,0.095679,0.025808
238,1.0,-2.923043412,0.253411841,0.43787103,1.271168129,0.218168597,0.150818342,7.091923066,0.086612,0.039539
239,1.0,-2.774861197,0.193154917,0.485370724,0.805304923,0.109862862,0.170697567,7.275341637,0.10782,0.0057698
240,1.0,0.894383,0.175961689,0.618959023,0.965614495,0.171980959,0.270308261,7.563569229,0.11125,0.026138
241,1.0,0.908762297,0.164522937,0.421214614,0.962737058,0.135808395,0.170141676,7.337167442,0.077483,0.049814
242,1.0,1.217885603,0.247856967,0.520038884,1.130108151,0.230850543,0.236945497,7.603462438,0.10524,0.053471
243,1.0,0.810702029,0.191370254,0.427430517,0.845505877,0.133219023,0.164435986,7.191771531,0.097569,0.0083031
244,1.0,2.748294006,0.300084005,0.636317951,2.562635292,0.2170973,0.249712244,7.443282986,0.086765,0.01098
245,1.0,2.982174431,0.281296594,0.422259983,2.241201505,0.156446013,0.180106392,7.05807388,0.08235,0.045236
246,1.0,1.272822059,0.283497606,0.638567415,2.331558593,0.197335074,0.24598362,7.506105888,0.08425,0.024055
247,1.0,0.441354799,0.298674518,0.38651897,1.845649954,0.168156025,0.127590207,6.623248998,0.090119,0.030702
248,1.0,0.414698019,0.21906498,0.697041884,1.043593074,0.18437126,0.263978211,7.573770729,0.12222,0.0
249,1.0,-2.087934447,0.324143459,0.367910846,1.170315663,0.177190526,0.201185403,7.116979223,0.065054,0.052339
250,1.0,-0.253592446,0.237338435,0.461448504,1.292257522,0.192533935,0.206920513,7.341522775,0.10942,0.023868
251,1.0,0.551994473,0.270842639,0.539696717,0.58645117,0.156814925,0.238698145,7.468838718,0.10766,0.027632
252,1.0,0.959948376,0.253574591,0.566726077,0.796115011,0.201863747,0.274443894,7.707340949,0.12351,0.029821
253,1.0,0.134852935,0.246412252,0.459563764,1.486034921,0.165041481,0.192507365,7.134487329,0.13344,0.0028781
254,1.0,0.994917107,0.237948811,0.588692849,0.947236048,0.209252403,0.283242642,7.627005516,0.11841,0.036142
255,1.0,0.102305368,0.234947533,0.496271089,1.691701307,0.152429938,0.203764576,7.392649415,0.11854,0.011842
256,1.0,2.049052746,0.215790328,0.657759944,2.059249987,0.174862844,0.263720956,7.676236283,0.10857,0.024556
257,1.0,0.017715448,0.193086135,0.493493158,1.510698135,0.152992578,0.227881677,7.501878614,0.10673,0.036945
258,1.0,0.311297651,0.220573639,0.456177479,0.814375555,0.158171816,0.170511055,7.305582112,0.1066,0.017518
259,1.0,-0.024967133,0.205152431,0.378146152,1.698765558,0.152828424,0.166536736,7.138584,0.11052,0.0
260,1.0,1.667271208,0.298841343,0.516916067,1.987407538,0.206022996,0.274801973,7.682669382,0.068827,0.049777
261,1.0,1.347539411,0.274106576,0.411236609,1.752190056,0.170528368,0.227418748,7.563106172,0.088483,0.03684
262,1.0,1.567513567,0.304286148,0.469577117,1.619602933,0.20733802,0.268816398,7.503264461,0.072231,0.039481
263,1.0,1.238120043,0.299343567,0.434318525,1.148281947,0.203074151,0.255513867,7.668822381,0.07184,0.058472
264,1.0,1.490050895,0.221165066,0.547994664,1.517720351,0.168587625,0.208920413,7.634408745,0.07245,0.053351
265,1.0,1.056748222,0.22473718,0.503237337,1.286177109,0.147150198,0.187892226,7.383920225,0.069317,0.050013
266,1.0,1.801574605,0.18037768,0.583730328,1.797261376,0.132517512,0.228031816,7.703669933,0.063227,0.050035
267,1.0,0.909560553,0.208798642,0.512398131,1.300341241,0.150556523,0.181989256,7.379935743,0.07376,0.043218
268,1.0,1.872105714,0.131582924,0.622480213,1.974179363,0.135606489,0.28923273,7.747703562,0.066285,0.029715
269,1.0,0.589710417,0.245883045,0.62096192,1.401658703,0.200389113,0.186028529,7.47555444,0.079715,0.045066
270,1.0,1.667253631,0.160006533,0.604387778,2.134570397,0.165081779,0.29391832,7.709824603,0.058804,0.03787
271,1.0,2.787847439,0.128798775,0.653549352,1.708634814,0.105194298,0.209946358,7.309952451,0.065396,0.02177
272,1.0,1.640342677,0.316276798,0.426470958,1.302099146,0.245507268,0.170999497,7.410391272,0.061006,0.094217
273,1.0,0.894998311,0.298307919,0.648102877,0.621792404,0.222050981,0.217614372,7.595285049,0.083554,0.085744
274,1.0,2.362001922,0.241654869,0.524884919,2.0654483,0.178583044,0.317145685,7.868725208,0.058083,0.065203
275,1.0,0.688431935,0.340687924,0.702068257,1.232392911,0.181643919,0.221327237,7.448022154,0.1012,0.031857
276,1.0,0.171726533,0.149118618,0.603875179,1.833639278,0.169167878,0.260444019,7.584110133,0.074221,0.027129
277,1.0,0.535473287,0.123209003,0.606238728,1.560193097,0.118244687,0.2295308,7.574439223,0.075417,0.036657
278,1.0,0.36346685,0.126534948,0.584328061,1.967388992,0.129062943,0.21675262,7.57336486,0.06181,0.054484
279,1.0,0.448157066,0.121283351,0.490853618,1.374867918,0.10110343,0.217994184,7.460867073,0.085827,0.023324
280,1.0,-1.625527605,0.105276055,0.595632608,1.844819826,0.111073636,0.157746037,6.595560168,0.0442,0.062603
281,1.0,-3.136512322,0.156433072,0.513889655,1.591391299,0.134646118,0.162619702,7.305957416,0.055181,0.05577
282,1.0,-1.547881426,0.067346825,0.611581687,1.994259305,0.081071041,0.157333467,6.562041117,0.045687,0.051054
283,1.0,-2.617304314,0.149091043,0.52637066,0.985636329,0.124981715,0.194128664,7.629383828,0.074598,0.04229
284,1.0,2.519779445,0.090290675,0.548195032,2.402256125,0.094131722,0.185777481,7.268923196,0.060562,0.020651
285,1.0,0.951009328,0.12443353,0.537232167,2.167552034,0.112571215,0.193753885,7.337749467,0.06509,0.02882
286,1.0,-0.26986955,0.099034629,0.549005451,2.241948279,0.100959765,0.180743159,7.075511152,0.065537,0.014131
287,1.0,1.615635401,0.101391364,0.497052122,1.980954075,0.095481304,0.194192153,7.064923573,0.068952,0.025029
288,1.0,0.538266368,0.274528031,0.537942632,0.647992343,0.16729733,0.187230851,6.722030351,0.078656,0.054234
289,1.0,0.533736773,0.234518066,0.544547245,0.96668502,0.182134427,0.2127738,7.370837769,0.091485,0.012681
290,1.0,0.526431293,0.22672898,0.525723754,0.844143638,0.145118293,0.190196045,6.976885658,0.088748,0.032284
291,1.0,0.426796924,0.202391399,0.564824563,1.202695193,0.168605301,0.211012782,7.378388592,0.1173,0.0
292,1.0,0.224149156,0.176194799,0.602314287,1.297533725,0.165878491,0.244492312,7.174584872,0.069331,0.038584
293,1.0,0.186958725,0.142143162,0.609984592,1.345943222,0.149509888,0.248566368,7.304039012,0.065715,0.034928
294,1.0,0.337893457,0.175267536,0.63645504,1.403655481,0.19667109,0.255571492,7.317254735,0.061619,0.037406
295,1.0,0.32791246,0.204596963,0.492738307,1.623592467,0.205696956,0.257156016,7.755376198,0.11416,0.00070312
296,1.0,0.992607996,0.174414693,0.626309475,1.60791587,0.188417531,0.228335871,7.594951928,0.07464,0.044654
297,1.0,0.725228276,0.122106692,0.61434749,1.471036439,0.115449701,0.214247362,7.308940685,0.068071,0.033672
298,1.0,-2.173255363,0.207179548,0.548315628,1.489680713,0.139901563,0.269205098,7.488852509,0.063031,0.038408
299,1.0,1.313716344,0.273728099,0.562691534,1.465016512,0.188451721,0.250517331,7.644073848,0.10759,0.025316
300,1.0,0.922228103,0.328373138,0.653897838,1.889827732,0.238505572,0.202981103,7.34462757,0.094854,0.021626
301,1.0,2.307046853,0.252789237,0.622843342,1.872543477,0.153787567,0.273063352,7.639332772,0.06081,0.061925
302,1.0,0.932477963,0.321426478,0.667272901,1.889210399,0.242740879,0.200545102,7.332987799,0.093725,0.020188
303,1.0,2.094865003,0.256748329,0.568561811,1.837677876,0.159703483,0.276941222,7.757843232,0.06304,0.065907
304,1.0,1.491860502,0.278062339,0.569148335,1.753888971,0.177380101,0.223571526,7.560585218,0.080702,0.048072
305,1.0,2.04698714,0.245260405,0.444352826,1.600015903,0.177930081,0.22044987,7.441087561,0.069752,0.071327
306,1.0,-1.846793905,0.283192818,0.605285246,2.276653488,0.171399006,0.21524531,7.451453095,0.080781,0.02515
307,1.0,1.640918395,0.282925246,0.490709252,1.620057171,0.151339333,0.228856506,7.43725437,0.082525,0.043185
308,1.0,1.166716998,0.347729881,0.513553309,0.920186913,0.26489042,0.2523642,7.823422514,0.071933,0.094149
309,1.0,2.511072096,0.262010087,0.737852239,2.200162745,0.2041781,0.262227894,6.956237297,0.065448,0.041094
310,1.0,0.975708005,0.281438977,0.726823644,1.637693656,0.205730991,0.226812879,7.360346455,0.066552,0.051871
311,1.0,0.669072402,0.263790212,0.719256983,2.112062563,0.177681025,0.271241337,6.761918193,0.058044,0.061014
312,1.0,1.515981842,0.287377677,0.764206176,1.753818737,0.214145547,0.225791955,6.947976398,0.038,0.057671
313,1.0,1.198156041,0.311685229,0.610753638,1.509558694,0.224341023,0.27957491,7.65251633,0.067683,0.047706
314,1.0,2.166564647,0.28917489,0.485396229,2.274806084,0.181824247,0.260513672,7.727621471,0.10369,0.019169
315,1.0,1.462940621,0.2390709,0.547598524,2.138212427,0.141964885,0.250049834,7.702334623,0.092715,0.02114
316,1.0,2.602036416,0.266709907,0.69876994,1.738001971,0.157382181,0.244353955,7.616754681,0.041971,0.044035
317,1.0,3.026129475,0.243158097,0.581955793,1.85782537,0.20106388,0.28597796,7.465842427,0.056077,0.065338
318,1.0,-0.209386105,0.281497552,0.460747268,2.134505024,0.173219295,0.235613312,7.591033182,0.10885,0.025286
319,1.0,0.806932216,0.300654181,0.610529373,1.793432122,0.172039434,0.24641029,7.437593499,0.054423,0.048003
320,1.0,0.729811054,0.189886593,0.488031582,1.186992401,0.138287942,0.199612723,7.427144702,0.12272,0.014021
321,1.0,-0.305235339,0.259530631,0.648641199,2.558375989,0.175310226,0.253842655,7.474051068,0.06739,0.028161
322,1.0,1.220018593,0.246364478,0.598831597,1.482281678,0.170098343,0.228343335,7.422846216,0.10208,0.017922
323,1.0,-0.557169894,0.228218038,0.665535935,2.723927609,0.152617676,0.246545908,7.530310903,0.074769,0.029768
324,1.0,1.233255025,0.395006718,0.455184743,0.752499126,0.284416579,0.241836873,7.760031929,0.067775,0.10203
325,1.0,1.988447347,0.242692751,0.696302709,1.924326598,0.19354029,0.244822029,7.489120564,0.062717,0.062153
326,1.0,1.17497028,0.355968939,0.735970844,1.920016249,0.20798034,0.244774222,7.399018769,0.06956,0.051687
327,1.0,-3.049737629,0.227615121,0.670659275,2.236764778,0.165459385,0.288482474,7.405807718,0.061629,0.050425
328,1.0,-2.877407089,0.299086308,0.759560521,1.778200576,0.166974796,0.228625988,7.285018491,0.043817,0.050644
329,1.0,-2.928510935,0.336900287,0.555348192,1.202910726,0.257151028,0.250034417,7.643903097,0.084875,0.015133
330,1.0,1.900852754,0.403817809,0.810186377,1.875363602,0.199211508,0.174293704,7.104675472,0.046075,0.056761
331,1.0,1.076713287,0.248198445,0.731111315,1.995525083,0.161875593,0.246725583,7.110860104,0.046579,0.059856
332,1.0,2.441315991,0.195998112,0.560781339,2.104547772,0.176442492,0.243226326,7.726978172,0.10146,0.0075615
333,1.0,1.983021056,0.275641391,0.810650825,2.445584054,0.197922243,0.194779016,6.849875669,0.041537,0.059648
334,1.0,1.810592986,0.197867334,0.666322636,1.917708088,0.179824239,0.246219338,7.581576703,0.084538,0.014383
335,1.0,2.866761851,0.282231425,0.797866805,1.99157861,0.206070216,0.228828507,7.08491215,0.068833,0.032266
336,1.0,2.113562359,0.278660289,0.586179917,1.373170627,0.203594872,0.244163722,7.784936125,0.073775,0.12468
337,1.0,0.573721883,0.237271468,0.598558938,1.344505222,0.185828597,0.223253271,7.625993311,0.065944,0.075627
338,1.0,-2.104106914,0.241495858,0.743593188,2.040716163,0.178411299,0.258431508,7.320210998,0.074956,0.014812
339,1.0,0.785867082,0.29770372,0.751682726,1.433849388,0.197050055,0.200192774,7.291570217,0.084179,0.044959
340,1.0,1.935596298,0.269696075,0.67750023,1.694073849,0.199130012,0.264323798,7.540241508,0.061698,0.085291
341,1.0,1.592584673,0.291797491,0.563370775,1.340269974,0.218334565,0.253527706,7.768185919,0.0814,0.06639
342,1.0,1.742968032,0.278138216,0.663505796,1.569863709,0.226495431,0.252662621,7.539490867,0.055994,0.098933
343,1.0,1.632306364,0.327083059,0.610068844,1.751240447,0.205997286,0.294434726,7.795071332,0.057121,0.079363
344,1.0,-0.148996086,0.191263574,0.565027701,2.274540291,0.177479969,0.157952975,7.10558112,0.048306,0.048809
345,1.0,1.509711809,0.246764117,0.479113575,1.371922246,0.190103494,0.19381297,7.334068004,0.062925,0.074128
346,1.0,-2.883794127,0.295336539,0.510628689,0.584292688,0.13201639,0.236054939,7.356246013,0.060675,0.047434
347,1.0,-2.756472154,0.339276188,0.6050559,0.624772224,0.143899788,0.234557455,7.555716439,0.075515,0.029742
348,1.0,-2.486459797,0.217790313,0.588717435,2.486545213,0.175571713,0.217084842,7.589862512,0.07436,0.037476
349,1.0,1.011108156,0.292296938,0.4525054,0.989248275,0.192340339,0.220693912,7.630240462,0.082363,0.070928
350,1.0,-2.867531687,0.295382668,0.509486162,0.617120471,0.145930299,0.253002736,7.614273389,0.11007,0.017837
351,1.0,-2.494865715,0.381150396,0.532307394,1.063779674,0.221941495,0.266523697,7.659738813,0.091765,0.030971
352,1.0,-1.119791403,0.18307416,0.47310575,2.159393299,0.148973086,0.172765243,7.261363757,0.071563,0.051043
353,1.0,0.401845727,0.280441063,0.383984247,0.700737293,0.173518222,0.151385731,7.040465684,0.082483,0.064958
354,1.0,0.410436866,0.128548646,0.375127949,1.194632943,0.137390436,0.145457744,6.925879523,0.076873,0.053467
355,1.0,0.205085978,0.178214267,0.448309398,1.343975855,0.151473758,0.189212178,7.355020564,0.065454,0.069979
356,1.0,-1.847833197,0.107663162,0.582156544,1.673911711,0.109709368,0.195930827,7.385159463,0.084296,0.034197
357,1.0,0.350053344,0.153004707,0.47353845,1.391173497,0.144099279,0.204283156,7.427466243,0.10137,0.024765
358,1.0,0.886607793,0.130098666,0.595562819,1.556842207,0.110101462,0.202418842,7.482642613,0.08099,0.023816
359,1.0,0.54247567,0.167444977,0.430860371,1.280476492,0.138299882,0.177047932,7.36746376,0.11269,0.01202
360,1.0,1.550831874,0.087961858,0.587688649,1.913494469,0.090308908,0.249118573,7.404577386,0.046933,0.064624
361,1.0,0.78517493,0.22429122,0.474684002,0.63808371,0.150829568,0.163924335,7.163705337,0.096948,0.007126
362,1.0,1.144053558,0.113066984,0.489984132,1.164476948,0.124634677,0.244728936,7.157465788,0.045288,0.066555
363,1.0,1.306345778,0.148207048,0.490570836,1.23642505,0.136437876,0.192735334,7.281957227,0.067496,0.0524
364,1.0,0.591762183,0.236887132,0.601351652,2.015658996,0.136089844,0.236161353,7.477513466,0.079492,0.052782
365,1.0,1.749041213,0.307264536,0.587412786,1.977221583,0.219396141,0.229395792,7.428903037,0.067735,0.045041
366,1.0,1.01748957,0.26323499,0.63902945,2.065553724,0.181509799,0.205476036,7.195665589,0.058152,0.061135
367,1.0,2.711940672,0.284496626,0.597942479,2.442194117,0.205664218,0.259721391,7.675675493,0.088346,0.032071
368,1.0,0.991105518,0.087056545,0.613425743,2.038068612,0.089976366,0.228040481,7.349624791,0.068808,0.041115
369,1.0,0.118120552,0.190256871,0.453716567,1.289689428,0.193806894,0.19813407,7.472530121,0.12462,0.0054313
370,1.0,1.245093544,0.212764763,0.568864558,1.732989776,0.136161322,0.266314108,7.65567197,0.093238,0.011284
371,1.0,1.252034321,0.270214791,0.557050871,1.425130627,0.22371998,0.254201615,7.62766369,0.067423,0.060435
372,1.0,1.281510285,0.274913511,0.363662607,0.637886865,0.172116101,0.127988319,6.875359395,0.056994,0.080412
373,1.0,0.907419563,0.236889634,0.451785207,0.900329918,0.188779385,0.18685584,7.195555272,0.061871,0.066636
374,1.0,0.249607167,0.175829777,0.47422346,1.119532462,0.124500682,0.178686203,7.465031863,0.12821,0.0
375,1.0,1.023230801,0.147186542,0.523124592,1.306910522,0.109763968,0.188563504,7.283617114,0.1251,0.0
376,1.0,0.688510395,0.292369838,0.520091937,1.232666948,0.227303713,0.230087003,7.588847354,0.052654,0.1126
377,1.0,0.669866961,0.301368128,0.441684704,0.695966909,0.216024923,0.21206122,7.383337614,0.076242,0.081585
378,1.0,-2.514821918,0.106555442,0.530444253,1.946248737,0.115287945,0.220542031,7.566052115,0.06335,0.075003
379,1.0,2.983811989,0.113592677,0.517196921,1.837370018,0.124286667,0.215969824,7.423205674,0.08206,0.019165
380,1.0,-0.839057024,0.122114055,0.563756434,2.606759012,0.118752291,0.205669804,7.584370199,0.066571,0.020736
381,1.0,0.665088602,0.155115683,0.530724009,1.531130354,0.121369742,0.200633684,7.570893737,0.079504,0.059974
382,1.0,1.346255883,0.115459057,0.58263931,1.697817515,0.129279734,0.212294161,7.266961554,0.064896,0.049284
383,1.0,0.954315609,0.241533032,0.44407284,0.853857325,0.146312105,0.186381133,7.369178916,0.074169,0.060415
384,1.0,0.817768419,0.187802941,0.504652574,1.598231551,0.199822067,0.266064833,7.642189679,0.059667,0.062905
385,1.0,0.828053593,0.302048436,0.461134664,0.916471435,0.249984305,0.251577955,7.694041485,0.064815,0.083001
386,1.0,1.274806362,0.145058626,0.663094695,1.946060784,0.147342247,0.239293785,7.235331756,0.073525,0.025302
387,1.0,1.304277709,0.210535512,0.48945347,1.424077793,0.204993353,0.271901932,7.816924788,0.07929,0.059515
388,1.0,2.370162832,0.114772941,0.561660373,1.359825897,0.120984922,0.232042588,7.490344235,0.046956,0.065252
389,1.0,2.23684087,0.171960753,0.565745264,1.665467869,0.154020895,0.202783664,7.497367184,0.073825,0.032984
390,1.0,-2.705916953,0.192510004,0.610693653,1.03991281,0.120457226,0.221789023,7.242848397,0.069175,0.034804
391,1.0,-2.224087538,0.189452242,0.598239634,1.598308838,0.126963001,0.211682763,7.529566297,0.081185,0.035208
392,1.0,3.038120598,0.281370515,0.640814351,2.682456092,0.200290418,0.234511754,7.487888617,0.043687,0.079875
393,1.0,0.802546157,0.356186513,0.587890229,1.057148735,0.224289503,0.205954959,7.558219947,0.072596,0.099572
394,1.0,-2.328899232,0.261359001,0.664505796,1.931280888,0.200601431,0.242548679,7.496735972,0.05004,0.076269
395,1.0,1.265236625,0.378792017,0.682508042,1.722687401,0.270329813,0.224489153,7.622313826,0.080417,0.053617
396,1.0,1.756088725,0.233312002,0.749496081,1.773320062,0.152908099,0.221490119,7.340790102,0.075798,0.042118
397,1.0,0.800005878,0.301812048,0.620410565,1.164069457,0.179642259,0.250850983,7.630112839,0.079992,0.052341
398,1.0,1.78563307,0.173939496,0.744818219,2.395459609,0.124656803,0.235090736,7.495445926,0.063613,0.036858
399,1.0,0.667753455,0.303371715,0.648008502,0.939921277,0.199188373,0.248988391,7.614645601,0.12579,0.023132
400,1.0,2.005076934,0.275338822,0.436617277,1.612903615,0.214183236,0.268177624,7.839778192,0.093279,0.076348
401,1.0,1.094870844,0.260743918,0.730996579,1.868712953,0.151591091,0.194679137,6.9720982,0.0786,0.019136
402,1.0,1.214543081,0.304400975,0.612461486,1.3784588,0.221475188,0.267800121,7.699396761,0.083427,0.021373
403,1.0,0.752325861,0.245005085,0.75820384,1.751633481,0.147495267,0.174335164,6.917189535,0.076533,0.022829
404,1.0,0.604110341,0.155640679,0.728296237,0.916839802,0.110003744,0.197467051,7.441092136,0.13635,0.0
405,1.0,-0.947991269,0.241959046,0.538097478,1.560432277,0.165971296,0.283782369,7.587080571,0.089598,0.0063
406,1.0,1.265303506,0.306853994,0.592402803,1.698972132,0.173165553,0.238415896,7.601909761,0.071244,0.050397
407,1.0,0.551246525,0.25220424,0.482790275,1.067866963,0.17684355,0.232877402,7.084066502,0.064146,0.06101
408,1.0,1.565573058,0.133309987,0.68046515,1.718442123,0.151433266,0.223701703,7.45204896,0.06474,0.041824
409,1.0,1.057575204,0.256072914,0.50186817,0.971321078,0.219661256,0.214461522,7.686972492,0.085362,0.061416
410,1.0,1.571095116,0.243231857,0.514008349,1.135315712,0.231819177,0.2186982,7.464367496,0.068669,0.054306
411,1.0,1.513185651,0.133756015,0.661158484,1.468890956,0.142664301,0.226264309,7.541393417,0.062225,0.040496
412,1.0,1.601219905,0.311697587,0.471119102,1.372552138,0.212081326,0.212185739,7.537389626,0.088313,0.056767
413,1.0,0.94450371,0.158208276,0.538829312,1.944317837,0.143032159,0.215881835,7.643520854,0.089088,0.024452
414,1.0,1.044724704,0.296630616,0.524241115,1.008820315,0.211181083,0.192692617,7.410513262,0.083781,0.043639
415,1.0,1.255542209,0.285227089,0.424611673,0.824951786,0.216345573,0.188114668,7.332758962,0.052133,0.074705
416,1.0,2.209121385,0.297706976,0.701130221,1.912548503,0.227446921,0.196087206,7.299379729,0.064804,0.036172
417,1.0,-0.734666651,0.267690058,0.640163731,2.19301446,0.209096324,0.250117082,7.73625863,0.10551,0.016993
418,1.0,0.5367272,0.196142199,0.596623583,2.10025892,0.183735782,0.199136782,7.522807723,0.080783,0.03016
419,1.0,1.462669546,0.150511825,0.54633895,1.92542413,0.146144849,0.20605197,7.5687202,0.087242,0.031298
420,1.0,0.966222118,0.199946959,0.594572559,1.159730211,0.159705192,0.240955389,7.351489371,0.074279,0.025403
421,1.0,1.560374365,0.318038564,0.443237745,1.065389876,0.237230986,0.198085577,7.27773954,0.081608,0.056975
422,1.0,1.08222617,0.177525634,0.545453163,1.335762609,0.161209396,0.253336124,7.448972253,0.071354,0.043689
423,1.0,1.346213817,0.238357881,0.396006421,0.813560767,0.180852047,0.14912008,7.155227781,0.075856,0.05865
424,1.0,0.851553926,0.300631187,0.446027612,0.816886754,0.195432279,0.194132756,7.422267077,0.069285,0.062954
425,1.0,0.704904375,0.238644917,0.522739149,1.06230046,0.181265762,0.224535611,7.344099611,0.0821,0.023306
426,1.0,1.086201659,0.222513849,0.421191368,0.708495518,0.149345875,0.157406579,7.251625476,0.093258,0.042494
427,1.0,0.845492385,0.147882272,0.50426394,0.789408904,0.135075689,0.206723787,7.024199602,0.067871,0.037364
428,1.0,1.450489874,0.153231173,0.615852341,2.519705404,0.130500568,0.214543037,7.660068963,0.062535,0.04662
429,1.0,0.908482321,0.249000685,0.566861941,1.526188054,0.229094477,0.257879621,7.596353522,0.057608,0.069205
430,1.0,1.075125407,0.309937235,0.540820747,1.347187274,0.165383386,0.174002223,7.183385367,0.067325,0.055673
431,1.0,0.869905188,0.291229223,0.567122983,1.628247583,0.179854983,0.22138062,7.532813726,0.064877,0.06447
432,1.0,1.307506731,0.290483128,0.472375791,1.080898415,0.216902181,0.253905407,7.654662618,0.0838,0.083923
433,1.0,0.669232189,0.317604821,0.533541641,1.106593405,0.203642858,0.221830331,7.590735233,0.092331,0.041536
434,1.0,1.107373376,0.148399766,0.493489302,1.567773621,0.130325779,0.189297553,7.432438424,0.074273,0.032567
435,1.0,0.806262292,0.190432021,0.534256804,1.00032685,0.137377449,0.229578823,7.290040432,0.081712,0.019689
436,1.0,-2.841186259,0.226501814,0.612069853,1.680337268,0.125779869,0.275025249,7.681589569,0.088067,0.024344
437,1.0,2.033559699,0.279941654,0.606269761,2.445947384,0.192798809,0.199501403,7.408630233,0.084048,0.011499
438,1.0,-2.34098004,0.220084451,0.616036956,1.603014633,0.115685746,0.274060512,7.714110802,0.080187,0.022382
439,1.0,1.725276747,0.305456365,0.617696832,1.999707615,0.210332539,0.211811609,7.568248981,0.1102,0.0098542
440,1.0,0.585520979,0.267139859,0.591969401,1.490656686,0.204721917,0.243695297,7.684966199,0.07406,0.054998
441,1.0,0.197557663,0.171115972,0.670317759,2.297283685,0.107964871,0.264982636,7.571941562,0.070231,0.031724
442,1.0,1.030389769,0.116157569,0.573532144,1.548601142,0.126896494,0.224885102,7.400798219,0.078902,0.02314
443,1.0,0.712439081,0.155772628,0.480935126,0.903109316,0.110114642,0.164813737,7.245040109,0.048948,0.071942
444,1.0,1.921624802,0.200506927,0.545470971,2.216339801,0.215251228,0.210851899,7.554108979,0.10992,0.0092625
445,1.0,1.022141884,0.155640966,0.568260659,1.706942796,0.172814334,0.224846829,7.687481427,0.081808,0.010007
446,1.0,-0.72773606,0.206208236,0.612017757,2.117178779,0.130525276,0.208641447,7.390871921,0.080023,0.01183
447,1.0,-0.092603697,0.250376218,0.536511208,1.553545918,0.180541817,0.232304178,7.672532152,0.14315,0.014603
448,1.0,1.846582816,0.09811552,0.488855469,1.35465817,0.09158268,0.155608994,7.237566521,0.12967,0.0
449,1.0,2.885890016,0.14696659,0.464549798,2.022477519,0.112067637,0.207351431,7.306832007,0.14265,0.00016875
450,1.0,2.315868008,0.117793845,0.464119932,1.507538473,0.092995572,0.170755333,7.353045089,0.13208,0.0
451,1.0,2.798491162,0.135355102,0.4601328,1.733159671,0.123054386,0.201380538,7.396780528,0.10911,0.023234
452,1.0,1.122279609,0.124457034,0.591634166,1.836082074,0.123199613,0.247112786,7.362296172,0.077558,0.023742
453,1.0,0.679986394,0.175372281,0.485720358,1.102962181,0.12297421,0.181737974,7.333069661,0.082906,0.012686
454,1.0,1.069083575,0.120868875,0.648451134,1.827266746,0.135584857,0.24945331,7.408710171,0.081923,0.015927
455,1.0,0.566596814,0.20533565,0.468409799,1.017575318,0.14047484,0.171509563,7.170896915,0.081763,0.028833
456,1.0,0.174066892,0.223074918,0.611830499,1.908644046,0.148370821,0.246220957,7.42311076,0.052065,0.057907
457,1.0,1.462384932,0.338953536,0.617346724,1.854902725,0.192863868,0.208054117,7.532905638,0.06609,0.052029
458,1.0,-2.672240744,0.307778435,0.475153633,1.151620502,0.18486283,0.207257293,7.20210329,0.095277,0.022886
459,1.0,0.746774094,0.365008149,0.577909658,1.163762231,0.186196554,0.176372191,7.142130085,0.097017,0.044802
460,1.0,2.35910096,0.069961898,0.634020004,1.753494545,0.081338619,0.242372254,7.497680659,0.061671,0.038851
461,1.0,1.913843816,0.087566612,0.579568538,1.655579489,0.084007486,0.197096279,7.520860829,0.052342,0.053505
462,1.0,1.568833967,0.324312367,0.585129085,1.36007963,0.197603258,0.226906322,7.648290708,0.08531,0.068811
463,1.0,1.507557689,0.193714974,0.576196908,2.215289115,0.137868136,0.244688335,7.62400382,0.1182,0.0069344
464,1.0,1.83238491,0.238170948,0.586478567,1.657184986,0.149901776,0.251468979,7.60250013,0.098979,0.044668
465,1.0,1.805611493,0.262926936,0.369963414,1.121545094,0.207326381,0.166042656,7.005056372,0.066908,0.083314
466,1.0,2.022355803,0.234094728,0.602583244,1.990324345,0.157123192,0.257293104,7.564835426,0.10912,0.026036
467,1.0,1.002411636,0.220830491,0.34977488,1.184281552,0.141327086,0.11837418,6.77714879,0.049165,0.092735
468,1.0,1.035859339,0.122895335,0.520894123,1.136211607,0.120929865,0.200584267,7.379190177,0.079463,0.021306
469,1.0,0.800993011,0.203570434,0.461391046,1.303428753,0.176534751,0.183710931,7.375313082,0.077817,0.045917
470,1.0,0.920984797,0.134870143,0.560009115,1.225492418,0.146379764,0.215557956,7.533410963,0.097929,0.015705
471,1.0,0.804481288,0.202051648,0.541879659,1.027910514,0.154105382,0.195364564,7.550304973,0.080029,0.033679
472,1.0,-2.001387743,0.187410253,0.518185317,2.13528172,0.089795959,0.250415452,7.556469417,0.078156,0.030248
473,1.0,0.977978687,0.3140095,0.48046935,0.987767779,0.203940577,0.215548444,7.597778713,0.11062,0.055625
474,1.0,-1.608561159,0.184641167,0.578703572,2.362686623,0.113317522,0.274217927,7.573794901,0.074877,0.038702
475,1.0,0.655657671,0.297172894,0.555043441,0.708230241,0.169409122,0.209267549,7.598903764,0.09034,0.065781
476,1.0,1.738147337,0.230012387,0.544218622,1.975289336,0.148582811,0.278566903,7.676251846,0.047825,0.074591
477,1.0,0.926303125,0.265829465,0.555535973,1.051204044,0.190401734,0.247295209,7.707834849,0.082808,0.0635
478,1.0,0.474100337,0.25425511,0.427815398,0.841854917,0.175813735,0.162877208,7.209665257,0.088579,0.048377
479,1.0,0.442056253,0.38964263,0.394218916,0.493576801,0.18356757,0.104488891,6.688866693,0.083919,0.064651
480,1.0,-2.140381205,0.102420917,0.567132008,1.1479234,0.080936246,0.195085322,7.182925092,0.053258,0.052311
481,1.0,-2.100737854,0.139802602,0.556180007,1.669718554,0.131961737,0.190170736,7.501279833,0.069656,0.058517
482,1.0,0.977684027,0.102603013,0.54045707,2.349983552,0.101399615,0.201831518,7.504102641,0.066998,0.026878
483,1.0,0.650763719,0.151994551,0.460529003,1.099808001,0.133679974,0.174610225,7.430888279,0.10735,0.014056
484,1.0,-2.577939199,0.144366946,0.569142348,1.884607401,0.117564473,0.212180368,7.484156597,0.062121,0.062778
485,1.0,-1.758801565,0.101595054,0.550159633,2.253576692,0.130719528,0.195852639,7.322241974,0.069698,0.037051
486,1.0,-2.596708176,0.171140748,0.563526705,1.317383017,0.127789855,0.242920251,7.767769274,0.084373,0.047962
487,1.0,-2.261618099,0.12930859,0.545701031,1.945095489,0.136063101,0.195210114,7.473047006,0.083579,0.021142
488,1.0,0.778529101,0.152156442,0.467570057,1.903248605,0.192659118,0.163126747,7.319026582,0.12456,0.004775
489,1.0,0.184675949,0.178443101,0.479172501,1.22484671,0.150397485,0.150254666,7.085522632,0.10833,0.0096979
490,1.0,0.051049851,0.153084278,0.571191317,1.50759717,0.10855681,0.250658949,7.533262635,0.061913,0.046794
491,1.0,0.667519169,0.283127017,0.570595129,1.062851969,0.180891369,0.200783079,7.429585244,0.090242,0.052804
492,1.0,0.388647395,0.134842029,0.604201121,1.34484282,0.12912719,0.222998755,7.321491985,0.08746,0.024457
493,1.0,0.722807781,0.186032299,0.502951887,1.433756963,0.177305929,0.188719819,7.493041973,0.098765,0.030153
494,1.0,0.37042801,0.170903789,0.52155659,1.06766902,0.135647956,0.186668266,7.169062802,0.096208,0.014351
495,1.0,0.661492801,0.205377368,0.471297194,1.040580518,0.151993444,0.160305201,7.228582865,0.10989,0.019099
496,1.0,-2.003697928,0.208321411,0.452164139,1.53475813,0.118745288,0.171353061,7.110185349,0.077162,0.027122
497,1.0,0.776820478,0.36692083,0.64053748,1.375492048,0.246620516,0.220263601,7.523396751,0.10245,0.032976
498,1.0,-2.092951972,0.107363019,0.576320632,1.601743754,0.108611347,0.226405851,7.680578774,0.05814,0.048152
499,1.0,-2.476174218,0.134203534,0.538932904,1.31924445,0.099801885,0.246416641,7.751351497,0.10067,0.022046
500,1.0,0.077945978,0.213272944,0.459587827,1.153342415,0.156372966,0.1689249,7.256801684,0.095381,0.0095417
501,1.0,0.718867522,0.195194831,0.481483979,1.137119028,0.182455142,0.165947941,7.404037863,0.094302,0.046807
502,1.0,0.574164536,0.148148909,0.526451657,1.339067979,0.128628443,0.192777117,7.432686718,0.073258,0.038596
503,1.0,0.922784718,0.132424957,0.497485358,1.042807885,0.115422538,0.154071093,7.203930819,0.096021,0.016878
504,1.0,0.809773724,0.25871823,0.487809858,1.68461351,0.188412713,0.215864223,7.353717262,0.071442,0.049429
505,1.0,1.051789602,0.271384595,0.463226128,0.991978332,0.200260699,0.201108898,7.364207108,0.04911,0.097037
506,1.0,0.575790163,0.25571703,0.476149433,1.24690463,0.182418546,0.222873519,7.424893169,0.062875,0.03818
507,1.0,1.042817247,0.220156791,0.453121924,1.339675848,0.143670959,0.191492945,7.314809802,0.069327,0.060234
508,1.0,0.908417195,0.259466601,0.592291054,1.694176083,0.179677318,0.176804313,7.244435973,0.058646,0.058381
509,1.0,-2.554276567,0.258707559,0.413928117,1.294369079,0.172255211,0.190772037,7.262370038,0.090856,0.027874
510,1.0,0.868763777,0.273792855,0.577115209,1.512005376,0.175051921,0.189338699,7.208200687,0.062021,0.041487
511,1.0,0.098930614,0.240231338,0.389913297,1.826789054,0.168730429,0.187553763,7.143106532,0.087808,0.019429
512,1.0,1.349139549,0.278612571,0.56601431,1.747496903,0.173422443,0.235235219,7.602057168,0.093904,0.023793
513,1.0,2.18739824,0.214251447,0.476384127,1.605284863,0.163031294,0.227537857,7.540993264,0.069987,0.050825
514,1.0,0.984080307,0.319994865,0.60817079,1.486375949,0.19204531,0.209773375,7.376935281,0.090887,0.03292
515,1.0,2.404258379,0.225801172,0.367779016,1.7168604,0.15835315,0.167091732,7.09415063,0.050567,0.082614
516,1.0,2.505099908,0.188918309,0.644016953,2.154011848,0.117279953,0.276391101,7.762534706,0.064152,0.049579
517,1.0,0.806331358,0.247402804,0.592137434,1.544326701,0.173326163,0.170654304,7.207446952,0.083192,0.015418
518,1.0,-2.401963728,0.251405853,0.580237554,1.29997382,0.157669103,0.245705721,7.409830255,0.079127,0.020379
519,1.0,2.357372296,0.239332876,0.667809781,2.124253742,0.195427185,0.253063507,7.72228512,0.12043,0.01458
520,1.0,2.133701577,0.229679198,0.648909288,2.396071651,0.185613121,0.250906374,7.594664257,0.047642,0.052558
521,1.0,0.983962395,0.296577638,0.669041041,1.570771462,0.221528033,0.203987173,7.477064589,0.063942,0.042835
522,1.0,-2.201270403,0.223286462,0.582998723,1.290350013,0.139063845,0.246109683,7.47335899,0.038465,0.061803
523,1.0,0.865868207,0.277239082,0.630939262,1.612862903,0.194409795,0.202680855,7.397783349,0.07371,0.059342
524,1.0,-1.040705116,0.240646552,0.487483379,1.42279656,0.147115575,0.185409896,7.31970927,0.097735,0.016663
525,1.0,0.949277905,0.357790001,0.579288411,1.321004371,0.262344482,0.232399805,7.603774957,0.11771,0.035774
526,1.0,0.739174358,0.167132398,0.506273386,0.65448766,0.151377562,0.210934574,7.210315551,0.071925,0.038071
527,1.0,0.856782399,0.22358487,0.398008144,0.540772464,0.137135414,0.190480442,6.98171373,0.056525,0.070192
528,1.0,0.035444472,0.225462996,0.528414139,2.226395329,0.148834031,0.191137752,7.25791853,0.074427,0.038484
529,1.0,0.395479006,0.202386495,0.428867047,1.682533113,0.152170125,0.157058367,7.261156437,0.10533,0.017773
530,1.0,0.583846918,0.295068738,0.442523769,1.353196547,0.150159764,0.155520317,6.948548365,0.088677,0.029456
531,1.0,0.263370004,0.162760379,0.385814466,1.134554323,0.115897186,0.163707417,7.086502814,0.079267,0.0091271
532,1.0,1.49952425,0.196700049,0.430958167,1.691610236,0.147699568,0.193219113,7.455735102,0.065323,0.0572
533,1.0,0.428625272,0.277814372,0.420850031,0.90365049,0.223563985,0.193167217,7.270867582,0.062723,0.080129
534,1.0,0.467779672,0.279383268,0.621423305,0.603955579,0.203675122,0.266692262,7.681377754,0.13495,0.0
535,1.0,0.78091915,0.224176599,0.463059462,0.771458222,0.163659372,0.236337504,7.257193386,0.070679,0.048726
536,1.0,1.097990463,0.226538223,0.407376672,0.935134151,0.170912295,0.165454639,7.223785296,0.062548,0.069176
537,1.0,0.737169363,0.168635708,0.399341171,1.292637996,0.153420879,0.157055214,7.180367688,0.10837,0.016084
538,1.0,1.227623889,0.080977157,0.604565576,1.368961313,0.083599598,0.196681425,7.225821571,0.046615,0.048447
539,1.0,1.461760523,0.105574314,0.639633502,1.752534226,0.115120666,0.213868934,7.400119213,0.057477,0.032399
540,1.0,1.069888621,0.179881143,0.475988932,1.789170252,0.118534676,0.154549245,7.10314442,0.081592,0.018034
541,1.0,1.439319691,0.270838817,0.481887625,1.68272613,0.149138258,0.182922328,7.111707064,0.054312,0.052854
542,1.0,-2.601811541,0.182883477,0.443493911,0.713352282,0.102907375,0.18189805,7.071165234,0.053152,0.03224
543,1.0,-3.076048207,0.194813845,0.401040135,1.324742703,0.108698784,0.154400616,6.752063091,0.049081,0.064282
544,1.0,-2.58264474,0.194305592,0.44853079,0.825849566,0.141843934,0.14889126,7.119708389,0.12333,0.0068448
545,1.0,2.823093651,0.161434577,0.434207504,1.725616879,0.124510593,0.188190366,7.378415286,0.11119,0.0074167
546,1.0,2.471679968,0.139465247,0.566705053,1.655291964,0.11066536,0.24386034,7.497511126,0.079223,0.027907
547,1.0,2.185402185,0.204578762,0.586883259,1.946461101,0.139568666,0.181916595,7.383555279,0.075435,0.033587
548,1.0,1.318653843,0.127836958,0.689173688,1.984396574,0.133549826,0.232846587,7.401253791,0.063623,0.038665
549,1.0,0.682719714,0.173729048,0.536139259,1.502871712,0.154223023,0.210124787,7.737164402,0.095021,0.024353
550,1.0,1.02008374,0.11435572,0.696806079,1.638545553,0.135331885,0.213527317,7.378257575,0.076065,0.034228
551,1.0,1.320849908,0.153545594,0.545817376,1.677392088,0.167646866,0.218739941,7.694155694,0.077715,0.039369
